{"cameraMode":{"drawMode":0,"name":"Shaded","section":"Shading Mode"},"sceneLighting":true,"audioPlay":false,"sceneViewState":{"m_AlwaysRefresh":false,"showFog":true,"showSkybox":true,"showFlares":true,"showImageEffects":true,"showParticleSystems":true,"showVisualEffectGraphs":true,"m_FxEnabled":true},"in2DMode":false,"pivot":{"x":398.572509765625,"y":289.42730712890627,"z":-4.097253322601318},"rotation":{"x":0.04498107731342316,"y":0.009590410627424717,"z":-0.0004316709819249809,"w":0.9989477396011353},"size":393.58306884765627,"orthographic":true}