{"cameraMode":{"drawMode":0,"name":"Shaded","section":"Shading Mode"},"sceneLighting":true,"audioPlay":false,"sceneViewState":{"m_AlwaysRefresh":false,"showFog":true,"showSkybox":true,"showFlares":true,"showImageEffects":true,"showParticleSystems":true,"showVisualEffectGraphs":true,"m_FxEnabled":true},"in2DMode":false,"pivot":{"x":418.30072021484377,"y":232.6058349609375,"z":-9.604580879211426},"rotation":{"x":0.04498107731342316,"y":0.009590410627424717,"z":-0.0004316709819249809,"w":0.9989477396011353},"size":250.20240783691407,"orthographic":true}